id,url,date,stock,tick,close,sma50_close,sma200_close,Topic_1,Topic_2,Topic_3,Topic_4,Topic_5,Topic_6,Topic_7,Topic_8,Topic_9,Topic_10,LM_Positive,LM_Negative,LM_Uncertainty,neg,neu,pos
0,https://seekingalpha.com/article/4468898-xtant-medical-holdings-xtnt-ceo-sean-browne-on-q3-2021-results-earnings-call-transcript,2021-11-12,NYSE,XTNT,1.100000023841858,1.1544000029563903,1.672249999642372,0.0002961159,0.4257146,0.00029612266,0.21820468,0.000296108,0.0002961105,0.00029613252,0.00029612874,0.3540079,0.0002961243,20,20,4,0.04,0.813,0.146
1,https://seekingalpha.com/article/4468886-uni-select-inc-s-unief-ceo-brian-mcmanus-on-q3-2021-results-earnings-call-transcript,2021-11-12,OTCPK,UNIEF,16.0,14.278521995544434,11.600598938465119,0.16712907,0.00016048891,0.0001605007,0.13669394,0.00016047727,0.0001604938,0.00016049627,0.00016049645,0.69055647,0.004657562,53,35,13,0.021,0.8,0.179
3,https://seekingalpha.com/article/4468882-dentsu-group-inc-dntuf-ceo-toshihiro-yamamoto-on-q3-2021-results-earnings-call-transcript,2021-11-12,OTCPK,DNTUF,-28.342836380004883,-26.778370666503907,-25.616853036880492,0.35093805,0.00012024169,0.00012024456,0.18313275,0.000120261626,0.000120243065,0.00012025092,0.000120245044,0.030442933,0.43476477,56,29,19,0.011,0.802,0.186
4,https://seekingalpha.com/article/4468879-sgl-carbon-se-sglff-ceo-torsten-derr-on-q3-2021-results-earnings-call-transcript,2021-11-12,OTCPK,SGLFF,10.829999923706055,10.796200103759766,9.320700037479401,0.754833,0.00014880742,0.00014880797,0.0001488274,0.00014880471,0.003629404,0.029885307,0.2017451,0.009163167,0.00014881328,28,95,6,0.027,0.832,0.141
5,https://seekingalpha.com/article/4468877-koninklijke-vopak-n-v-vopkf-ceo-eelco-hoekstra-on-q3-2021-results-earnings-call-transcript,2021-11-12,OTCPK,VOPKF,38.8120002746582,40.80052032470703,45.00093599319458,0.69690895,9.496096e-05,9.4952804e-05,9.495895e-05,9.495899e-05,0.27005967,0.012861481,0.01960009,9.49535e-05,9.496039e-05,56,61,42,0.025,0.828,0.148
6,https://seekingalpha.com/article/4468876-heroux-devtek-inc-herxf-ceo-martin-brassard-on-q2-2022-results-earnings-call-transcript,2021-11-12,OTCPK,HERXF,14.8100004196167,14.968999977111816,13.747250022888183,0.1733511,0.008208684,0.025224509,0.0003788842,0.00037886022,0.0003788884,0.0003788706,0.17787582,0.61344546,0.0003789009,24,27,6,0.021,0.798,0.182
7,https://seekingalpha.com/article/4468875-cipher-pharmaceuticals-inc-cphrf-interim-ceo-craig-mull-on-q3-2021-results-earnings-call,2021-11-12,OTCPK,CPHRF,1.7000000476837158,1.967999997138977,1.3347500050067902,0.35631877,0.20462334,0.00047249548,0.15211082,0.051835403,0.00047248308,0.00047250293,0.00047250293,0.23274925,0.0004724853,8,6,8,0.017,0.877,0.106
8,https://seekingalpha.com/article/4468873-custom-truck-one-source-inc-ctos-ceo-fred-ross-on-q3-2021-results-earnings-call-transcript,2021-11-12,NYSE,CTOS,10.680000305175781,9.108199939727783,8.947449977397918,0.0002039034,0.00020389694,0.0002038985,0.00020390154,0.000203891,0.0067883455,0.001242684,0.028489618,0.78994197,0.17251787,25,33,5,0.019,0.828,0.153
9,https://seekingalpha.com/article/4468871-shawcor-ltd-sawlf-ceo-mike-reeves-on-q3-2021-results-earnings-call-transcript,2021-11-12,OTCPK,SAWLF,3.9600000381469727,4.307200012207031,4.36755002617836,0.058211707,0.00010352865,0.00010352783,0.000103526436,0.00010352199,0.16652042,0.00010352835,0.17969945,0.55521554,0.039835252,34,56,28,0.035,0.829,0.135
10,https://seekingalpha.com/article/4468851-atmos-energy-corporations-ato-ceo-kevin-akers-on-q4-2021-results-earnings-call-transcript,2021-11-12,NYSE,ATO,93.48854064941406,90.66465713500976,94.03766822814941,0.00010542753,0.01704865,0.03835297,0.000105425395,0.00010542056,0.7248467,0.008474634,0.039001387,0.04268202,0.12927733,45,44,42,0.013,0.853,0.134
12,https://seekingalpha.com/article/4468836-adcore-inc-adcof-ceo-omri-brill-on-q3-2021-results-earnings-call-transcript,2021-11-12,OTCQX,ADCOF,0.6299999952316284,0.7843400025367737,1.1415168944001197,0.00091128837,0.010656979,0.00019571216,0.62360144,0.00019570967,0.00019570955,0.04705102,0.00019571744,0.00019571168,0.31680068,32,29,9,0.018,0.839,0.143
14,https://seekingalpha.com/article/4468786-cez-s-cezyy-management-on-q3-2021-results-earnings-call-transcript,2021-11-12,OTCPK,CEZYY,16.329999923706055,14.640000152587891,13.119105215072631,0.87993944,0.0002788885,0.00027892253,0.00027890457,0.000278874,0.08384477,0.03426341,0.0002789318,0.00027892232,0.0002789407,10,41,7,0.029,0.881,0.09
15,https://seekingalpha.com/article/4468778-vasta-platform-limited-vsta-ceo-mario-ghio-on-q3-2021-results-earnings-call-transcript,2021-11-12,NASDAQ,VSTA,3.549999952316284,4.483800015449524,8.230999988317489,0.30012736,0.00025365956,0.00025366532,0.44416976,0.00025363968,0.0002536463,0.011426809,0.0002536549,0.015435745,0.22757205,12,42,5,0.029,0.862,0.109
16,https://seekingalpha.com/article/4468775-smartcentres-real-estate-investment-trust-cwyuf-ceo-mitchell-goldhar-on-q3-2021-results,2021-11-12,OTCPK,CWYUF,24.951557159423828,23.761216659545898,21.929947843551634,0.020857453,0.00011935249,0.08291367,0.000119332566,0.000119335375,0.7442088,0.15130404,0.00011934019,0.00011933289,0.000119336946,31,32,29,0.017,0.853,0.13
17,https://seekingalpha.com/article/4468772-luminar-technologies-inc-s-lazr-ceo-austin-russel-on-q3-2021-earnings-conference-call,2021-11-12,NASDAQ,LAZR,20.010000228881836,16.50540002822876,21.287675032615663,0.008499792,0.00013516194,0.00013516514,0.00013516715,0.00013516682,0.00013516548,0.0001351635,0.74764276,0.00013515844,0.24291128,51,38,31,0.015,0.81,0.175
18,https://seekingalpha.com/article/4468771-knight-therapeutics-inc-khtrf-ceo-samira-sakhia-on-q3-2021-results-earnings-call-transcript,2021-11-12,OTCPK,KHTRF,4.25,4.2305599975585935,4.247404998540878,0.06385418,0.1647901,0.023373414,0.00014275339,0.5138061,0.07641471,0.00014275635,0.00014274336,0.15719047,0.00014274959,17,29,23,0.014,0.845,0.141
19,https://seekingalpha.com/article/4468770-aptose-biosciences-inc-s-apto-ceo-william-rice-on-q3-2021-results-earnings-call-transcript,2021-11-12,NASDAQ,APTO,2.4000000953674316,2.4290000200271606,3.6988000071048734,0.00014503642,0.00014501729,0.00014503371,0.00014501679,0.9986948,0.000145017,0.00014501835,0.00014502104,0.00014502127,0.00014502053,25,16,19,0.03,0.803,0.167
20,https://seekingalpha.com/article/4468768-hall-of-fame-resort-and-entertainment-hofv-ceo-michael-crawford-on-q3-2021-results-earnings,2021-11-12,NASDAQ,HOFV,49.5,57.89959999084473,71.33059995651246,0.00011632791,0.00011632717,0.00011632942,0.6940948,0.000116328134,0.22337905,0.079093784,0.00011633393,0.00011633067,0.0027343994,47,41,8,0.013,0.808,0.179
21,https://seekingalpha.com/article/4468763-everspin-technologies-inc-mram-ceo-darin-billerbeck-on-q3-2021-results-earnings-call,2021-11-11,NASDAQ,MRAM,6.579999923706055,6.460300006866455,6.002174980640412,0.070975654,0.00020662753,0.0002066044,0.08056384,0.00020659185,0.00020659904,0.000206598,0.8461947,0.0002066018,0.0010261824,13,31,9,0.031,0.821,0.148
22,https://seekingalpha.com/article/4468760-atea-pharmaceuticals-inc-avir-ceo-jean-pierre-sommadossi-on-q3-2021-results-earnings-call,2021-11-11,NASDAQ,AVIR,10.640000343322754,25.950399894714355,37.88029993057251,0.00017676837,0.00017717112,0.00017676088,0.00017675107,0.99840873,0.0001767557,0.00017676083,0.00017674785,0.00017676217,0.00017676187,24,60,24,0.025,0.853,0.122
23,https://seekingalpha.com/article/4468758-intrusion-inc-intz-q3-2021-results-earnings-call-transcript,2021-11-11,NASDAQ,INTZ,3.7799999713897705,4.0124000072479244,12.485200006961822,0.00021965016,0.025026781,0.01876377,0.15393512,0.0002196531,0.0824488,0.00021964501,0.05870675,0.00021964515,0.6602402,28,37,13,0.029,0.814,0.158
24,https://seekingalpha.com/article/4468757-alta-equipment-group-inc-s-altg-ceo-ryan-greenawalt-on-q3-2021-results-earnings-call,2021-11-11,NYSE,ALTG,15.930000305175781,14.092600078582764,13.078850026130675,0.00013037474,0.00013038471,0.00013038017,0.019359352,0.00013037822,0.00013038285,0.046632566,0.23815292,0.52418226,0.17102098,62,41,15,0.009,0.867,0.124
25,https://seekingalpha.com/article/4468756-p-and-f-industries-inc-pfin-ceo-richard-horowitz-on-q3-2021-results-earnings-call-transcript,2021-11-11,NASDAQ,PFIN,6.820000171661377,6.729999990463257,6.560949997901917,0.18366846,0.07831345,0.00015072286,0.033541024,0.00015072046,0.117487945,0.082600564,0.5037857,0.00015072059,0.00015072367,18,55,24,0.028,0.847,0.125
26,https://seekingalpha.com/article/4468752-playstudios-inc-myps-ceo-andrew-pascal-on-q3-2021-results-earnings-call-transcript,2021-11-11,NASDAQ,MYPS,4.130000114440918,4.653399991989136,7.7707000160217286,0.00011222771,0.00935621,0.0038691363,0.46401182,0.00011222442,0.07560607,0.18488912,0.047904614,0.0017944265,0.21234417,76,48,25,0.008,0.826,0.166
27,https://seekingalpha.com/article/4468751-opgen-inc-opgn-ceo-oliver-schacht-on-q3-2021-results-earnings-call-transcript,2021-11-11,NASDAQ,OPGN,34.0,49.34000007629395,49.285000038146975,0.000109120396,0.8620165,0.000109119224,0.00080940116,0.10896725,0.017940313,0.00010911364,0.00010911617,0.00010911019,0.009720928,36,45,6,0.012,0.844,0.143
28,https://seekingalpha.com/article/4468750-geovax-labs-inc-govx-ceo-david-dodd-on-q3-2021-results-earnings-call-transcript,2021-11-11,NASDAQ,GOVX,3.8499999046325684,4.247800011634826,4.899525005817413,0.00012958705,0.049899604,0.036415346,0.00012959006,0.9127779,0.0001295939,0.00012958731,0.00012959333,0.0001295842,0.0001295969,50,44,12,0.022,0.825,0.153
29,https://seekingalpha.com/article/4468749-netsol-technologies-inc-ntwk-ceo-najeeb-ghauri-on-q1-2022-results-earnings-call-transcript,2021-11-11,NASDAQ,NTWK,5.519999980926514,4.474800000190735,4.498899986743927,0.00019499814,0.00019498888,0.00019499377,0.21127805,0.00019498548,0.00020116779,0.05422078,0.08550648,0.15662201,0.49139154,29,28,13,0.006,0.856,0.138
30,https://seekingalpha.com/article/4468748-processa-pharmaceuticals-pcsa-ceo-david-young-on-q3-2021-results-earnings-call-transcript,2021-11-11,NASDAQ,PCSA,7.119999885559082,7.419599952697754,7.948949975967407,0.00018320113,0.033226848,0.00018320372,0.00018321208,0.91999567,0.045495007,0.00018320346,0.00018320732,0.00018321698,0.00018319087,27,37,12,0.028,0.87,0.102
31,https://seekingalpha.com/article/4468747-aeye-inc-lidr-ceo-blair-lacorte-on-q3-2021-results-earnings-call-transcript,2021-11-11,NASDAQ,LIDR,6.519999980926514,6.234899988174439,9.219749991893769,0.00011619868,0.000116200594,0.00011619783,0.00011620171,0.000116194395,0.0112023605,0.00011620054,0.6677488,0.00011620027,0.32023546,42,36,14,0.014,0.855,0.131
32,https://seekingalpha.com/article/4468746-one-stop-systems-inc-oss-ceo-david-raun-on-q3-2021-results-earnings-call-transcript,2021-11-11,NASDAQ,OSS,5.599999904632568,5.250600004196167,5.8097749984264375,0.00014294527,0.00014294939,0.015476272,0.19057453,0.00014293593,0.00014293788,0.00014294923,0.4892365,0.15513322,0.14886472,35,45,12,0.034,0.831,0.135
33,https://seekingalpha.com/article/4468745-xos-inc-xos-ceo-dakota-semler-on-q3-2021-earnings-call-transcript,2021-11-11,NASDAQ,XOS,4.96999979019165,5.513999996185302,8.91062497138977,0.029883198,0.12235382,0.00013913712,0.00013913281,0.00013913507,0.06933405,0.008935346,0.71009,0.0018495739,0.05713658,32,42,5,0.021,0.835,0.144
34,https://seekingalpha.com/article/4468744-fiesta-restaurant-group-inc-frgi-ceo-rich-stockinger-on-q3-2021-results-earnings-call,2021-11-11,NASDAQ,FRGI,11.779999732971191,11.22459997177124,13.370600004196167,0.00012079186,0.016245835,0.012758633,0.012928163,0.00012079449,0.0013529311,0.7625682,0.018068643,0.17535605,0.00047997062,49,32,19,0.012,0.844,0.144
35,https://seekingalpha.com/article/4468743-azul-sa-azul-ceo-john-rodgerson-on-q3-2021-results-earnings-call-transcript,2021-11-11,NYSE,AZUL,16.18000030517578,18.296800022125243,21.817299942970276,0.40717983,0.00012837423,0.00012836319,0.5654581,0.00012840107,0.00012836643,0.00012839118,0.0001283662,0.026463356,0.00012836973,33,77,14,0.026,0.832,0.141
36,https://seekingalpha.com/article/4468742-pagseguro-digital-ltd-s-pags-ceo-ricardo-dutra-on-q3-2021-earnings-conference-call-earnings,2021-11-11,NYSE,PAGS,34.029998779296875,45.11040023803711,50.338900051116944,0.25195768,9.449866e-05,0.27598876,0.025498645,0.0024581666,9.449333e-05,9.450096e-05,9.4493604e-05,9.44961e-05,0.4436243,37,75,42,0.024,0.828,0.148
37,https://seekingalpha.com/article/4468741-relmada-therapeutics-inc-rlmd-ceo-sergio-traversa-on-q3-2021-results-earnings-call-transcript,2021-11-11,NASDAQ,RLMD,25.65999984741211,25.57560001373291,30.72335003852844,0.00015539178,0.00015538094,0.028734513,0.031497013,0.9386807,0.00015542426,0.00015537915,0.00015537969,0.00015538126,0.00015538673,12,56,24,0.044,0.814,0.143
38,https://seekingalpha.com/article/4468740-jamf-holding-corp-jamf-ceo-dean-hager-on-q3-2021-results-earnings-call-transcript,2021-11-11,NASDAQ,JAMF,41.279998779296875,41.738600158691405,36.449549999237064,7.387226e-05,7.387679e-05,7.387491e-05,0.025021533,7.3874086e-05,7.387076e-05,7.387411e-05,0.053843208,7.387605e-05,0.9206181,56,74,14,0.022,0.826,0.152
40,https://seekingalpha.com/article/4094003-deutsche-lufthansas-dlakf-management-on-q2-2017-results-earnings-call-transcript,2017-08-02,noInfo,GPT,29.56999969482422,30.03780002593994,27.644928722381593,0.82755613,0.00016284548,0.00016284926,0.1707806,0.00016284248,0.00016286512,0.00016285594,0.00016287412,0.0005232434,0.00016285363,15,39,20,0.03,0.821,0.149
42,https://seekingalpha.com/article/4094000-orasure-technologies-osur-ceo-doug-michels-on-q2-2017-results-earnings-call-transcript,2017-08-02,NASDAQ,OSUR,17.270000457763672,16.697799968719483,11.9467999792099,0.0769332,0.641645,0.00010378758,0.00010770039,0.15115742,0.00010378938,0.001036229,0.09545989,0.005252481,0.0282005,48,30,17,0.013,0.843,0.143
43,https://seekingalpha.com/article/4093999-community-health-systems-cyh-q2-2017-results-earnings-call-transcript,2017-08-02,NYSE,CYH,6.590000152587891,8.988800039291382,7.9197999954223635,8.562281e-05,0.41625506,8.5626496e-05,0.1710142,8.561745e-05,8.5628344e-05,0.024991017,8.5619744e-05,0.38722605,8.562536e-05,25,119,33,0.028,0.842,0.13
45,https://seekingalpha.com/article/4093996-ca-ca-q1-2018-results-earnings-call-transcript,2017-08-02,NASDAQ,CA,30.850000381469727,33.136999969482424,32.28989999771118,0.00015691895,0.00015692489,0.00015691438,0.00015691754,0.00015690576,0.00015691158,0.0034185033,0.00015691722,0.2809256,0.7145575,25,10,21,0.01,0.879,0.111
48,https://seekingalpha.com/article/4093988-kempers-kmpr-ceo-joe-lacher-on-q2-2017-results-earnings-call-transcript,2017-08-02,NYSE,KMPR,41.22362518310547,36.19527534484863,37.381078701019284,0.00014136317,0.054157883,0.863187,0.0001413629,0.00014135004,0.00014135409,0.00014138296,0.0070495075,0.00014136602,0.0747574,47,60,6,0.033,0.832,0.135
50,https://seekingalpha.com/article/4093986-apollo-global-managements-apo-ceo-leon-black-on-q2-2017-results-earnings-call-transcript,2017-08-02,NYSE,APO,22.017183303833008,21.39437931060791,17.88839644908905,0.00010604464,0.000106032996,0.9406944,0.00010603807,0.000106031584,0.017648248,0.005327021,0.00010603542,0.00010604458,0.0356941,73,41,25,0.019,0.838,0.143
51,https://seekingalpha.com/article/4093985-vulcan-materials-vmc-q2-2017-results-earnings-call-transcript,2017-08-02,NYSE,VMC,116.5677719116211,120.2882388305664,117.03582176208496,8.5654756e-05,8.5648884e-05,8.5653344e-05,8.564909e-05,8.564521e-05,0.19465132,8.565816e-05,0.017130261,0.7876188,8.565375e-05,54,72,25,0.026,0.833,0.141
53,https://seekingalpha.com/article/4093980-ellington-residential-mortgages-earn-ceo-laurence-penn-on-q2-2017-results-earnings-call,2017-08-02,NYSE,EARN,8.598549842834473,8.55978364944458,7.862967901229858,0.00015229173,0.00015228156,0.99862945,0.00015228045,0.00015228,0.00015228475,0.00015227824,0.00015229709,0.00015230513,0.00015227815,26,78,17,0.034,0.843,0.123
54,https://seekingalpha.com/article/4093979-oneoks-oke-ceo-terry-spencer-on-q2-2017-results-earnings-call-transcript,2017-08-02,NYSE,OKE,39.85650634765625,37.25374229431152,37.9213777923584,0.00014066984,0.00014066344,0.00014066444,0.00014066644,0.00014065411,0.7848871,0.00014067118,0.00014067261,0.18060987,0.033518404,34,26,27,0.013,0.849,0.138
55,https://seekingalpha.com/article/4093978-ares-capitals-arcc-ceo-kipp-deveer-on-q2-2017-results-earnings-call-transcript,2017-08-02,NASDAQ,ARCC,11.226556777954102,11.181046409606934,10.991642966270447,0.00010019445,0.00010018972,0.94267106,0.00010019209,0.000100183664,0.0001001932,0.000100192854,0.00010019291,0.037725903,0.018901696,70,50,39,0.019,0.816,0.164
56,https://seekingalpha.com/article/4093977-american-financial-group-afg-q2-2017-results-earnings-call-transcript,2017-08-02,NYSE,AFG,71.97164154052734,68.61084091186524,61.927628955841065,0.008363904,0.00012822115,0.9160787,0.00012823152,0.00012821393,0.00012823367,0.00012822277,0.00012822033,0.07465982,0.00012824254,52,70,28,0.036,0.822,0.141
58,https://seekingalpha.com/article/4093974-csg-systems-internationals-csgs-ceo-bret-griess-on-q2-2017-results-earnings-call-transcript,2017-08-02,NASDAQ,CSGS,37.54967498779297,37.853350982666015,38.05748598098755,0.00016771248,0.00016770636,0.020737806,0.0001677185,0.0001676969,0.00016771953,0.00016771314,0.00016771426,0.00016771724,0.97792053,28,12,10,0.012,0.804,0.184
59,https://seekingalpha.com/article/4093972-summit-materials-sum-ceo-thomas-hill-on-q2-2017-results-earnings-call-transcript,2017-08-02,NYSE,SUM,28.228206634521484,27.34228187561035,24.292161493301393,0.014720238,0.00011646207,0.00011646918,0.00011646642,0.00011645485,0.14000337,0.000116464966,0.00011646362,0.84446114,0.000116470845,48,44,25,0.016,0.861,0.123
61,https://seekingalpha.com/article/4093970-magellan-midstream-partners-lp-mmp-q2-2017-results-earnings-call-transcript,2017-08-02,NYSE,MMP,49.93170928955078,49.82949836730957,51.04725250244141,0.000114887065,0.00011489048,0.00011489949,0.00011489144,0.00011488295,0.70820606,0.00011489397,0.015244373,0.27574536,0.00011490027,32,30,16,0.022,0.849,0.129
62,https://seekingalpha.com/article/4093962-spirit-aerosystems-holdings-spr-q2-2017-results-earnings-call-transcript,2017-08-02,NYSE,SPR,70.5619125366211,57.396887130737305,56.190037441253665,0.026511887,0.1003633,7.961518e-05,0.04551413,7.9615515e-05,0.10731648,7.961244e-05,0.13583961,0.5841361,7.96181e-05,59,71,23,0.022,0.799,0.179
64,https://seekingalpha.com/article/4093959-autonation-q2-2017-results-earnings-call-transcript,2017-08-02,NYSE,AN,38.959999084472656,41.096800079345705,44.42415006637573,9.6379634e-05,9.637371e-05,0.010059767,9.637511e-05,9.6378855e-05,9.6382086e-05,0.5881626,0.114508264,0.2866911,9.637522e-05,61,72,16,0.028,0.828,0.144
67,https://seekingalpha.com/article/4093955-boston-properties-bxp-ceo-owen-thomas-on-q2-2017-results-earnings-call-transcript,2017-08-02,NYSE,BXP,104.83748626708984,104.95351028442383,108.09878665924072,8.045649e-05,0.002163756,0.06317089,8.045429e-05,8.044944e-05,0.8505556,0.06722894,8.0453916e-05,8.045194e-05,0.016478546,50,55,31,0.017,0.861,0.122
68,https://seekingalpha.com/article/4093954-gramercy-property-trusts-gpt-ceo-gordon-dugan-on-q2-2017-results-earnings-call-transcript,2017-08-02,NYSE,GPT,29.56999969482422,30.03780002593994,27.644928722381593,0.00012623615,0.00012623021,0.34011826,0.00012623655,0.00012621458,0.6034996,0.05549854,0.00012622106,0.00012622996,0.00012623201,66,42,24,0.027,0.838,0.136
69,https://seekingalpha.com/article/4093953-intact-financials-ifczf-ceo-charles-brindamour-on-q2-2017-results-earnings-call-transcript,2017-08-02,OTCPK,IFCZF,68.9669418334961,64.37641311645508,62.41591035842895,0.10782831,0.025275689,0.6143786,0.17124222,0.00010700047,0.0001070025,0.000919161,0.00010700819,0.07992802,0.00010700868,76,88,20,0.039,0.829,0.132
70,https://seekingalpha.com/article/4093951-sunstone-hotel-investors-sho-ceo-john-arabia-on-q2-2017-results-earnings-call-transcript,2017-08-02,NYSE,SHO,13.900500297546387,13.954921035766601,12.885454864501954,0.000106938416,0.00010693123,0.18363807,0.042754155,0.00010693683,0.1574249,0.6033504,0.000106957545,0.012297766,0.0001069346,45,63,18,0.023,0.824,0.154
71,https://seekingalpha.com/article/4093950-rexford-industrial-realtys-rexr-ceo-michael-frankel-on-q2-2017-results-earnings-call,2017-08-02,NYSE,REXR,26.498855590820312,25.340211753845214,21.974876890182497,0.00015649805,0.00015649943,0.088129826,0.00015650241,0.00015648735,0.8442272,0.05723492,0.00015650243,0.009469082,0.00015650572,69,15,42,0.01,0.88,0.11
73,https://seekingalpha.com/article/4093945-kukas-kukaf-on-q2-2017-results-earnings-call-transcript,2017-08-02,OTC,KUKAF,130.07276916503906,120.2004264831543,103.74557083129883,0.37579808,0.00016215812,0.00016213738,0.0001621437,0.00016213348,0.05004586,0.020427335,0.55275583,0.00016215054,0.00016214594,19,29,20,0.02,0.854,0.126
74,https://seekingalpha.com/article/4093944-astronics-corporations-atro-ceo-peter-gundermann-on-q2-2017-results-earnings-call-transcript,2017-08-02,NASDAQ,ATRO,21.294416427612305,25.661082916259765,27.707614212036134,0.019958233,0.1613361,0.00015131089,0.033201344,0.00015130652,0.00015131284,0.00015131061,0.58320326,0.2015446,0.00015130865,31,41,18,0.029,0.835,0.135
75,https://seekingalpha.com/article/4093942-extra-space-storages-exr-ceo-joe-margolis-on-q2-2017-results-earnings-call-transcript,2017-08-02,NYSE,EXR,68.16806030273438,66.29282043457032,63.90936653137207,0.00015563615,0.00015564979,0.17797998,0.018320128,0.00015561712,0.43148378,0.32534355,0.00015563534,0.003832091,0.042417906,29,25,24,0.026,0.873,0.101
76,https://seekingalpha.com/article/4093940-goeasys-ehmef-ceo-david-ingram-on-q2-2017-results-earnings-call-transcript,2017-08-02,OTCPK,EHMEF,20.143699645996094,20.060668182373046,18.92205198764801,0.09406979,0.00013119483,0.53600913,0.03224061,0.00013118362,0.00013119074,0.27039707,0.0017863098,0.00013119463,0.06497238,31,34,13,0.034,0.795,0.172
77,https://seekingalpha.com/article/4093939-molson-coors-brewing-tap-q2-2017-results-earnings-call-transcript,2017-08-02,NYSE,TAP,83.31494903564453,80.8321110534668,86.39844745635986,0.22690058,7.969117e-05,7.969718e-05,7.969566e-05,7.968886e-05,7.969292e-05,0.57642454,7.968996e-05,0.19611701,7.969973e-05,53,51,19,0.015,0.818,0.167
78,https://seekingalpha.com/article/4093938-natural-health-trends-nhtc-ceo-chris-sharng-on-q2-2017-results-earnings-call-transcript,2017-08-02,NASDAQ,NHTC,14.955718040466309,17.83780553817749,17.049894070625307,0.07958492,0.11265776,0.00029229408,0.6106797,0.0002922813,0.000292271,0.12369637,0.07191985,0.00029229495,0.00029229771,16,19,5,0.015,0.827,0.158
80,https://seekingalpha.com/article/4598044-shyft-group-inc-shyf-q1-2023-earnings-call-transcript,2023-04-29,NASDAQ,SHYF,25.3700008392334,24.488000144958495,24.881499977111815,0.00017910285,0.00017910993,0.00017910883,0.0001791094,0.00017909771,0.00017911218,0.00017910865,0.4688587,0.47767687,0.052210733,42,29,9,0.012,0.803,0.186
82,https://seekingalpha.com/article/4598034-aixtron-se-aixxf-q1-2023-earnings-call-transcript,2023-04-29,OTCPK,AIXXF,28.209999084472656,31.057600135803224,28.330559968948364,0.26480788,0.00012320981,0.00012320538,0.0001232075,0.00012320974,0.00012321062,0.00012320299,0.7256804,0.00012322076,0.008649238,20,41,10,0.017,0.85,0.133
83,https://seekingalpha.com/article/4598003-gentherm-incorporated-thrm-q1-2023-earnings-call-transcript,2023-04-29,NASDAQ,THRM,57.18000030517578,60.650399932861326,63.495849990844725,0.000178906,0.08829651,0.00017889154,0.00017889928,0.00017889292,0.0001788909,0.0001788977,0.46305174,0.44739947,0.00017890087,47,28,12,0.018,0.821,0.161
84,https://seekingalpha.com/article/4597986-methanex-corporation-meoh-q1-2023-earnings-call-transcript,2023-04-28,NASDAQ,MEOH,44.09000015258789,46.985599975585934,40.46909999847412,0.15626557,0.00015242943,0.019612513,0.00015243796,0.00015242214,0.6639477,0.00015244038,0.07323417,0.08617789,0.00015243837,29,19,28,0.018,0.834,0.148
85,https://seekingalpha.com/article/4597985-california-water-service-group-cwt-q1-2023-earnings-call-transcript,2023-04-28,NYSE,CWT,56.77000045776367,57.782199935913084,59.418099842071534,0.08876246,0.029293373,0.079994366,0.018964931,0.01003866,0.6469561,0.00017548806,0.00017548616,0.09178456,0.033854615,14,79,20,0.022,0.876,0.101
86,https://seekingalpha.com/article/4597984-fuchs-petrolub-se-fupef-q1-2023-earnings-call-transcript,2023-04-28,OTCPK,FUPEF,32.97999954223633,31.538399620056154,26.692999868392945,0.80186224,0.00019833546,0.00019833422,0.00019832634,0.00019831864,0.00019833069,0.00019833799,0.050528374,0.13678254,0.009636893,15,23,30,0.029,0.846,0.125
87,https://seekingalpha.com/article/4597983-streamline-health-solutions-inc-strm-q4-2022-earnings-call-transcript,2023-04-28,NASDAQ,STRM,1.7699999809265137,1.8383999943733216,1.6894999992847444,0.00016446022,0.36149347,0.00016446666,0.13030133,0.00016444192,0.00016446691,0.00016445758,0.00016445645,0.12165559,0.3855629,41,28,11,0.019,0.853,0.128
88,https://seekingalpha.com/article/4597982-morguard-real-estate-investment-trust-mgruf-q1-2023-earnings-call-transcript,2023-04-28,OTC,MGRUF,4.159999847412109,3.986639938354492,3.889541983604431,0.00036367183,0.00036363053,0.2175151,0.00036363403,0.000363606,0.6567942,0.12314524,0.00036363126,0.00036364485,0.00036362794,6,10,15,0.021,0.848,0.131
89,https://seekingalpha.com/article/4597981-evans-bancorp-inc-evbn-q1-2023-earnings-call-transcript,2023-04-28,NYSE,EVBN,30.790000915527344,34.99339984893799,36.959849977493285,0.00023294383,0.00023292756,0.9454161,0.00023292903,0.00023292589,0.0002329521,0.00023294987,0.00023293777,0.00023295081,0.052720368,16,36,17,0.034,0.823,0.143
90,https://seekingalpha.com/article/4597980-auo-corporation-auoty-q1-2023-earnings-call-transcript,2023-04-28,OTCPK,AUOTY,5.949999809265137,6.448600006103516,6.1997500205039975,0.24014148,0.00016169246,0.00016168552,0.017981345,0.00016167459,0.00016167498,0.027842594,0.70469695,0.00852921,0.00016168895,24,44,6,0.055,0.819,0.126
91,https://seekingalpha.com/article/4597977-ares-management-corporation-ares-q1-2023-earnings-call-transcript,2023-04-28,NYSE,ARES,87.58999633789062,81.1747998046875,75.26519998550415,7.774009e-05,7.774231e-05,0.909336,0.0016396693,7.773451e-05,7.77372e-05,0.012886353,7.774065e-05,0.029234074,0.04651529,96,64,26,0.024,0.799,0.177
92,https://seekingalpha.com/article/4597976-yara-international-asa-yariy-q1-2023-earnings-call-transcript,2023-04-28,OTCPK,YARIY,20.139999389648438,22.037199897766115,21.59149998664856,0.7092021,0.014029009,0.0002963423,0.0002963341,0.00029632554,0.2216984,0.033129778,0.00029635773,0.020458963,0.00029634105,10,44,9,0.064,0.794,0.142
93,https://seekingalpha.com/article/4597975-svenska-cellulosa-aktiebolaget-sca-publ-svcbf-q1-2023-earnings-call-transcript,2023-04-28,OTCPK,SVCBF,12.675000190734863,13.315599899291993,13.585470023155212,0.7949316,0.00016564551,0.00016565894,0.00016564497,0.0025429463,0.00016566266,0.00016564685,0.00016564851,0.20136593,0.000165645,15,49,12,0.032,0.848,0.12
94,https://seekingalpha.com/article/4597974-norsk-hydro-asa-nhydy-q1-2023-earnings-call-transcript,2023-04-28,OTCQX,NHYDY,7.389999866485596,7.4091999721527095,6.986049993038177,0.7538011,8.733138e-05,8.733741e-05,8.733269e-05,8.7327135e-05,0.090636544,8.733384e-05,0.036337987,0.1187003,8.7337336e-05,57,83,18,0.049,0.827,0.125
95,https://seekingalpha.com/article/4597973-omv-aktiengesellschaft-omvjf-q1-2023-earnings-call-transcript,2023-04-28,OTCPK,OMVJF,46.90999984741211,46.6614005279541,45.53350009918213,0.67514855,0.000104014565,0.00010401349,0.00010401316,0.000104011,0.17771813,0.0001040331,0.00010401141,0.14640519,0.00010401777,45,74,16,0.034,0.845,0.121
96,https://seekingalpha.com/article/4597972-posco-holdings-inc-pkx-q1-2023-earnings-call-transcript,2023-04-28,NYSE,PKX,72.0199966430664,66.87179969787597,54.11309993743897,0.7011644,0.00013230373,0.00013230517,0.0012119962,0.00013229351,0.16257763,0.00013230607,0.1342521,0.00013230069,0.00013231057,34,37,17,0.019,0.872,0.109
97,https://seekingalpha.com/article/4597969-epiroc-ab-publ-epoky-q1-2023-earnings-call-transcript,2023-04-28,OTCPK,EPOKY,19.969999313354492,19.25346004486084,17.68591501712799,0.29447597,0.0001296478,0.0001296514,0.00012964789,0.00012963949,0.12074736,0.000129657,0.0972544,0.35976934,0.12710468,44,31,10,0.022,0.813,0.165
98,https://seekingalpha.com/article/4597968-nec-corporation-nipnf-q4-2023-earnings-call-transcript,2023-04-28,OTCPK,NIPNF,40.150001525878906,37.2727596282959,35.57928997039795,0.2953165,0.00028617028,0.00028618518,0.0002861877,0.00028614572,0.00028618722,0.0002861655,0.00028619828,0.33946148,0.36321878,22,22,6,0.024,0.766,0.21
99,https://seekingalpha.com/article/4597967-eni-s-p-e-q1-2023-earnings-call-transcript,2023-04-28,NYSE,E,30.280000686645508,28.760599899291993,26.900699968338014,0.6649553,0.00011392099,0.00011391825,0.00011392454,0.0032108917,0.32121372,0.00011391976,0.0001139267,0.009936501,0.00011392441,60,47,26,0.02,0.851,0.129
100,https://seekingalpha.com/article/4597966-natwest-group-plc-nwg-q1-2023-earnings-call-transcript,2023-04-28,NYSE,NWG,6.630000114440918,6.785799980163574,6.419862487316132,0.2449709,7.296184e-05,0.61164796,7.296124e-05,7.2966744e-05,7.296834e-05,0.012217958,7.296628e-05,7.296452e-05,0.13072535,38,116,60,0.029,0.819,0.152
101,https://seekingalpha.com/article/4597965-nel-asa-nllsf-q1-2023-earnings-call-transcript,2023-04-28,OTCPK,NLLSF,1.25,1.396939992904663,1.4193949979543685,0.35926858,0.00014841491,0.0001484132,0.00014841874,0.00014841161,0.16730964,0.0001484167,0.47238287,0.00014842086,0.00014842315,40,33,7,0.017,0.843,0.14
102,https://seekingalpha.com/article/4597958-compan-de-minas-buenaventura-s-bvn-q1-2023-earnings-call-transcript,2023-04-28,NYSE,BVN,7.070000171661377,7.9598000049591064,7.201450004577636,0.04486654,0.00026725518,0.0002672415,0.010118416,0.0045206393,0.9388908,0.00026734758,0.0002672396,0.00026725017,0.00026723614,3,53,7,0.015,0.898,0.087
103,https://seekingalpha.com/article/4597954-fomento-economico-mexicano-s-b-de-c-v-fmx-q1-2023-earnings-call-transcript,2023-04-28,NYSE,FMX,97.0199966430664,92.41920013427735,76.93995008468627,0.14952707,0.000118404496,0.009813326,0.0284286,0.00011840045,0.00011840608,0.6529359,0.000118402924,0.0236035,0.13521795,36,37,14,0.019,0.833,0.148
104,https://seekingalpha.com/article/4597952-fti-consulting-inc-fcn-q1-2023-earnings-call-transcript,2023-04-28,NYSE,FCN,181.6300048828125,190.53900177001952,171.6787508392334,0.0001428464,0.00014284195,0.09465287,0.033179782,0.00014283092,0.00014283782,0.00014283764,0.00014283611,0.37764406,0.49366623,25,72,15,0.047,0.805,0.148
105,https://seekingalpha.com/article/4597951-first-western-financial-inc-myfw-q1-2023-earnings-call-transcript,2023-04-28,NASDAQ,MYFW,17.760000228881836,20.794599990844727,25.777200002670288,0.00013602934,0.0001360308,0.98625785,0.0001360337,0.00013601832,0.0001360406,0.0001360378,0.000136027,0.00013603471,0.012653923,52,76,22,0.033,0.807,0.161
106,https://seekingalpha.com/article/4597950-arcbest-corporation-arcb-q1-2023-earnings-call-transcript,2023-04-28,NASDAQ,ARCB,94.4000015258789,94.34599990844727,83.76910011291504,9.847043e-05,9.846567e-05,0.07260935,9.8470315e-05,9.8461045e-05,0.0191168,0.0041163913,0.4593363,0.16859005,0.27583724,72,46,14,0.013,0.838,0.148
107,https://seekingalpha.com/article/4597948-mohawk-industries-inc-mhk-q1-2023-earnings-call-transcript,2023-04-28,NYSE,MHK,105.9000015258789,99.4370002746582,106.09230003356933,0.073111266,7.353711e-05,0.025389194,7.353804e-05,7.353219e-05,7.3540985e-05,0.13925564,7.353888e-05,0.7618027,7.353794e-05,73,131,31,0.039,0.825,0.135
108,https://seekingalpha.com/article/4597945-midwestone-financial-group-inc-mofg-q1-2023-earnings-call-transcript,2023-04-28,NASDAQ,MOFG,20.700000762939453,25.18680004119873,29.98319995880127,0.00012272673,0.00012271895,0.88004273,0.00012271747,0.00012271268,0.00012271442,0.0007967119,0.00012272208,0.012061084,0.106363155,68,61,9,0.013,0.853,0.134
109,https://seekingalpha.com/article/4597944-saia-inc-saia-q1-2023-earnings-call-transcript,2023-04-28,NASDAQ,SAIA,297.7699890136719,273.5929998779297,236.8193497467041,0.00013113412,0.0001311233,0.018354591,0.00013113028,0.00013111814,0.00013113508,0.061237898,0.45881203,0.2792284,0.18171147,59,54,14,0.011,0.819,0.17
110,https://seekingalpha.com/article/4597936-essex-property-trust-inc-ess-q1-2023-earnings-call-transcript,2023-04-28,NYSE,ESS,219.72999572753906,215.43600006103514,233.28000022888185,0.00011754984,0.00011754583,0.44109362,0.00011755018,0.00011753571,0.45028034,0.049796432,0.00011755265,0.0014457493,0.05679611,30,81,37,0.034,0.83,0.136
111,https://seekingalpha.com/article/4597934-graftech-international-ltd-eaf-q1-2023-earnings-call-transcript,2023-04-28,NYSE,EAF,4.710000038146973,5.029800052642822,5.426800019741059,0.2857335,0.00015731207,0.00015731508,0.00015730884,0.00015730257,0.28842187,0.00015731213,0.11877706,0.30612373,0.00015731208,37,40,20,0.021,0.858,0.121
112,https://seekingalpha.com/article/4597933-seacoast-banking-corporation-of-florida-sbcf-q1-2023-earnings-call-transcript,2023-04-28,NASDAQ,SBCF,22.190000534057617,25.467400131225585,30.73770007133484,0.000114423456,0.00011441935,0.9311797,0.00011442293,0.00011441269,0.0077465763,0.00011455991,0.00011442653,0.00011442923,0.060272586,57,77,26,0.027,0.821,0.152
113,https://seekingalpha.com/article/4597932-encompass-health-corporation-ehc-q1-2023-results-earnings-call-transcript,2023-04-28,NYSE,EHC,64.1500015258789,57.75720008850098,55.13604991912842,0.020761207,0.35726732,0.05916105,0.23218964,0.00016691512,0.14238243,0.08983343,0.0001669227,0.05952425,0.03854682,21,37,27,0.021,0.857,0.121
114,https://seekingalpha.com/article/4597930-casella-waste-systems-inc-cwst-q1-2023-earnings-call-transcript,2023-04-28,NASDAQ,CWST,89.0,81.31360000610351,80.66394992828369,0.00011810332,0.00011810163,0.00011810446,0.000118122945,0.0001180951,0.1626412,0.035619266,0.0001181069,0.6563647,0.14466622,90,51,20,0.033,0.788,0.179
115,https://seekingalpha.com/article/4597926-covestro-ag-cvvtf-q1-2023-earnings-call-transcript,2023-04-28,OTCPK,CVVTF,44.39400100708008,41.717597808837894,37.656243572235105,0.5050159,9.418419e-05,9.4188516e-05,9.418322e-05,9.418372e-05,0.003931888,9.418742e-05,0.07044822,0.4200389,9.418768e-05,37,104,23,0.04,0.832,0.128
116,https://seekingalpha.com/article/4597925-real-matters-inc-rllmf-q2-2023-earnings-call-transcript,2023-04-28,OTCPK,RLLMF,3.740000009536743,3.796040024757385,3.7222649908065795,0.027619613,0.00017302153,0.34124064,0.00017303127,0.00017300587,0.04752845,0.00017302402,0.00017302898,0.28197497,0.3007712,15,26,14,0.021,0.817,0.161
117,https://seekingalpha.com/article/4597920-civista-bancshares-inc-civb-q1-2023-earnings-call-transcript,2023-04-28,NASDAQ,CIVB,15.869999885559082,18.18619997024536,21.08729993343353,0.00017879732,0.00017880296,0.8989844,0.00017880308,0.00017879454,0.01941207,0.009932275,0.00017881367,0.04981454,0.020962706,14,39,4,0.025,0.821,0.154
